,Trial,Score,Parameters
0,0,0.2500573493458573,"[('scaling_method', 'standard'), ('encoding_method', 'ordinal'), ('n_estimators', 813), ('learning_rate', 0.004546685209408476), ('max_depth', 2), ('subsample', 0.5972054222840305), ('colsample_bytree', 0.8291820721150385), ('min_child_weight', 5)]"
1,1,0.9472145874972867,"[('scaling_method', 'maxabs'), ('encoding_method', 'ordinal'), ('n_estimators', 487), ('learning_rate', 0.07226798074248438), ('max_depth', 4), ('subsample', 0.39395707465472163), ('colsample_bytree', 0.7667781923927004), ('min_child_weight', 4)]"
2,2,0.9354251714458914,"[('scaling_method', 'robust'), ('encoding_method', 'ordinal'), ('n_estimators', 753), ('learning_rate', 0.011094121360774055), ('max_depth', 4), ('subsample', 0.95069650705626), ('colsample_bytree', 0.5885222277620357), ('min_child_weight', 3)]"
3,3,0.9403794167110612,"[('scaling_method', 'maxabs'), ('encoding_method', 'onehot'), ('drop', 'first'), ('n_estimators', 840), ('learning_rate', 0.018408191755019152), ('max_depth', 3), ('subsample', 0.9540745397031227), ('colsample_bytree', 0.9137879206046258), ('min_child_weight', 4)]"
4,4,0.9054821776511602,"[('scaling_method', 'minmax'), ('encoding_method', 'onehot'), ('drop', 'first'), ('n_estimators', 186), ('learning_rate', 0.03678202054471029), ('max_depth', 2), ('subsample', 0.6746007767704554), ('colsample_bytree', 0.665830441618052), ('min_child_weight', 1)]"
5,5,-6.060867623739479,"[('scaling_method', 'minmax'), ('encoding_method', 'ordinal'), ('n_estimators', 838), ('learning_rate', 0.0015928274431690416), ('max_depth', 3), ('subsample', 0.20512611455289542), ('colsample_bytree', 0.7206269945764264), ('min_child_weight', 5)]"
6,6,-2.0974598687538237,"[('scaling_method', 'maxabs'), ('encoding_method', 'ordinal'), ('n_estimators', 706), ('learning_rate', 0.003615403629046318), ('max_depth', 2), ('subsample', 0.4144361368646996), ('colsample_bytree', 0.9211939768284152), ('min_child_weight', 2)]"
7,7,0.9180630392898479,"[('scaling_method', 'robust'), ('encoding_method', 'onehot'), ('drop', 'first'), ('n_estimators', 655), ('learning_rate', 0.009522080834059091), ('max_depth', 4), ('subsample', 0.8483418800685055), ('colsample_bytree', 0.6533871891358874), ('min_child_weight', 5)]"
8,8,0.9357227688625487,"[('scaling_method', 'minmax'), ('encoding_method', 'ordinal'), ('n_estimators', 696), ('learning_rate', 0.01881311251389968), ('max_depth', 2), ('subsample', 0.3364568606601166), ('colsample_bytree', 0.8056270154536536), ('min_child_weight', 4)]"
9,9,-6.367874550691281,"[('scaling_method', 'maxabs'), ('encoding_method', 'onehot'), ('drop', 'first'), ('n_estimators', 518), ('learning_rate', 0.00217820562502637), ('max_depth', 2), ('subsample', 0.1349640594616977), ('colsample_bytree', 0.7495395322426446), ('min_child_weight', 3)]"
10,10,0.9478205225209724,"[('scaling_method', 'standard'), ('encoding_method', 'ordinal'), ('n_estimators', 409), ('learning_rate', 0.08838508483625439), ('max_depth', 4), ('subsample', 0.44296192166162296), ('colsample_bytree', 0.5174978985937634), ('min_child_weight', 2)]"
11,11,0.9450825734278081,"[('scaling_method', 'standard'), ('encoding_method', 'ordinal'), ('n_estimators', 414), ('learning_rate', 0.0907346109496425), ('max_depth', 4), ('subsample', 0.421095272575006), ('colsample_bytree', 0.511017621244548), ('min_child_weight', 2)]"
12,12,0.9451002602123104,"[('scaling_method', 'standard'), ('encoding_method', 'ordinal'), ('n_estimators', 310), ('learning_rate', 0.0979709800255525), ('max_depth', 4), ('subsample', 0.5117471874876108), ('colsample_bytree', 0.5035722450369466), ('min_child_weight', 1)]"
13,13,0.9510598943432467,"[('scaling_method', 'maxabs'), ('encoding_method', 'ordinal'), ('n_estimators', 983), ('learning_rate', 0.0521498094634368), ('max_depth', 3), ('subsample', 0.3154535736173646), ('colsample_bytree', 0.8336616462572736), ('min_child_weight', 2)]"
14,14,0.9494802898172123,"[('scaling_method', 'standard'), ('encoding_method', 'ordinal'), ('n_estimators', 940), ('learning_rate', 0.039609498801193216), ('max_depth', 3), ('subsample', 0.2712773625552963), ('colsample_bytree', 0.8559769264435235), ('min_child_weight', 2)]"
15,15,0.9504764168102844,"[('scaling_method', 'standard'), ('encoding_method', 'ordinal'), ('n_estimators', 1000), ('learning_rate', 0.03943079362860064), ('max_depth', 3), ('subsample', 0.2542628576633881), ('colsample_bytree', 0.9791589554949761), ('min_child_weight', 2)]"
16,16,0.9460145872780389,"[('scaling_method', 'maxabs'), ('encoding_method', 'ordinal'), ('n_estimators', 999), ('learning_rate', 0.04396286745545747), ('max_depth', 3), ('subsample', 0.11859538119932433), ('colsample_bytree', 0.9812875691995949), ('min_child_weight', 1)]"
17,17,0.9479722607002667,"[('scaling_method', 'robust'), ('encoding_method', 'ordinal'), ('n_estimators', 936), ('learning_rate', 0.022116093395734893), ('max_depth', 3), ('subsample', 0.27097921983830336), ('colsample_bytree', 0.9689948560463193), ('min_child_weight', 3)]"
18,18,0.9510317613983011,"[('scaling_method', 'maxabs'), ('encoding_method', 'onehot'), ('drop', None), ('n_estimators', 987), ('learning_rate', 0.05134391863727527), ('max_depth', 3), ('subsample', 0.6907510842954905), ('colsample_bytree', 0.8910211882951738), ('min_child_weight', 2)]"
19,19,0.9000618710499089,"[('scaling_method', 'maxabs'), ('encoding_method', 'onehot'), ('drop', None), ('n_estimators', 643), ('learning_rate', 0.009110937581439117), ('max_depth', 3), ('subsample', 0.7300117150951103), ('colsample_bytree', 0.8661660440090039), ('min_child_weight', 1)]"
20,20,0.949928779450833,"[('scaling_method', 'maxabs'), ('encoding_method', 'onehot'), ('drop', None), ('n_estimators', 902), ('learning_rate', 0.05741709886945328), ('max_depth', 3), ('subsample', 0.7560037500339547), ('colsample_bytree', 0.9108844267802395), ('min_child_weight', 3)]"
21,21,0.9493798264915815,"[('scaling_method', 'maxabs'), ('encoding_method', 'onehot'), ('drop', None), ('n_estimators', 1000), ('learning_rate', 0.02662368518585792), ('max_depth', 3), ('subsample', 0.5602577131673876), ('colsample_bytree', 0.9561462726139194), ('min_child_weight', 2)]"
22,22,0.946039191382976,"[('scaling_method', 'standard'), ('encoding_method', 'onehot'), ('drop', None), ('n_estimators', 886), ('learning_rate', 0.05721799574635512), ('max_depth', 3), ('subsample', 0.22809812183856004), ('colsample_bytree', 0.8960601580826336), ('min_child_weight', 2)]"
23,23,0.9489654235411127,"[('scaling_method', 'maxabs'), ('encoding_method', 'onehot'), ('drop', None), ('n_estimators', 780), ('learning_rate', 0.03074676606337832), ('max_depth', 3), ('subsample', 0.6534164706552442), ('colsample_bytree', 0.8049253758780615), ('min_child_weight', 2)]"
24,24,0.9440058082639469,"[('scaling_method', 'maxabs'), ('encoding_method', 'ordinal'), ('n_estimators', 1000), ('learning_rate', 0.01402370170650893), ('max_depth', 3), ('subsample', 0.32063716007145165), ('colsample_bytree', 0.9510115746417895), ('min_child_weight', 3)]"
25,25,0.8277531425955115,"[('scaling_method', 'standard'), ('encoding_method', 'ordinal'), ('n_estimators', 105), ('learning_rate', 0.0466399467774182), ('max_depth', 3), ('subsample', 0.48474106224504593), ('colsample_bytree', 0.8562866668150271), ('min_child_weight', 1)]"
26,26,0.9496743936677078,"[('scaling_method', 'minmax'), ('encoding_method', 'onehot'), ('drop', None), ('n_estimators', 596), ('learning_rate', 0.06264838507489948), ('max_depth', 3), ('subsample', 0.7889135350282249), ('colsample_bytree', 0.9979076559345479), ('min_child_weight', 2)]"
27,27,0.9427092964010066,"[('scaling_method', 'robust'), ('encoding_method', 'ordinal'), ('n_estimators', 893), ('learning_rate', 0.029241103042808615), ('max_depth', 2), ('subsample', 0.18437870426184755), ('colsample_bytree', 0.8796983334981903), ('min_child_weight', 3)]"
28,28,0.761325770095883,"[('scaling_method', 'maxabs'), ('encoding_method', 'onehot'), ('drop', None), ('n_estimators', 933), ('learning_rate', 0.005013232750809224), ('max_depth', 3), ('subsample', 0.33647277707833917), ('colsample_bytree', 0.9431596889087926), ('min_child_weight', 2)]"
29,29,0.7962762515297199,"[('scaling_method', 'standard'), ('encoding_method', 'ordinal'), ('n_estimators', 769), ('learning_rate', 0.0064013010259560445), ('max_depth', 2), ('subsample', 0.5781334961775866), ('colsample_bytree', 0.7928167582155454), ('min_child_weight', 1)]"
30,30,0.9385029264317812,"[('scaling_method', 'standard'), ('encoding_method', 'ordinal'), ('n_estimators', 829), ('learning_rate', 0.015308350190984064), ('max_depth', 3), ('subsample', 0.8402863805680001), ('colsample_bytree', 0.8442060014957916), ('min_child_weight', 2)]"
31,31,0.9521089381214359,"[('scaling_method', 'maxabs'), ('encoding_method', 'onehot'), ('drop', None), ('n_estimators', 896), ('learning_rate', 0.05146357202482165), ('max_depth', 3), ('subsample', 0.6218467171357672), ('colsample_bytree', 0.9162368082880004), ('min_child_weight', 3)]"
32,32,0.9525681866827231,"[('scaling_method', 'maxabs'), ('encoding_method', 'onehot'), ('drop', None), ('n_estimators', 962), ('learning_rate', 0.05060689502779153), ('max_depth', 3), ('subsample', 0.6388428584513088), ('colsample_bytree', 0.8283298175223093), ('min_child_weight', 3)]"
33,33,0.9517904049299061,"[('scaling_method', 'maxabs'), ('encoding_method', 'onehot'), ('drop', None), ('n_estimators', 869), ('learning_rate', 0.07521768226933453), ('max_depth', 3), ('subsample', 0.6354695923312194), ('colsample_bytree', 0.8261339882360885), ('min_child_weight', 4)]"
34,34,0.9512350120147968,"[('scaling_method', 'maxabs'), ('encoding_method', 'onehot'), ('drop', None), ('n_estimators', 863), ('learning_rate', 0.07324918214685501), ('max_depth', 4), ('subsample', 0.6266876427947727), ('colsample_bytree', 0.7568521615641238), ('min_child_weight', 4)]"
35,35,0.9499270626543366,"[('scaling_method', 'maxabs'), ('encoding_method', 'onehot'), ('drop', None), ('n_estimators', 811), ('learning_rate', 0.07520629272373494), ('max_depth', 4), ('subsample', 0.6343700047383313), ('colsample_bytree', 0.7385175053550658), ('min_child_weight', 4)]"
36,36,0.9509771098929581,"[('scaling_method', 'maxabs'), ('encoding_method', 'onehot'), ('drop', None), ('n_estimators', 864), ('learning_rate', 0.06925386370126098), ('max_depth', 4), ('subsample', 0.6129002991252118), ('colsample_bytree', 0.698569744709987), ('min_child_weight', 4)]"
37,37,0.9462426309595845,"[('scaling_method', 'maxabs'), ('encoding_method', 'onehot'), ('drop', None), ('n_estimators', 741), ('learning_rate', 0.07572098534051529), ('max_depth', 4), ('subsample', 0.554610837173337), ('colsample_bytree', 0.7691064926753556), ('min_child_weight', 4)]"
38,38,-6.543054868025599,"[('scaling_method', 'maxabs'), ('encoding_method', 'onehot'), ('drop', None), ('n_estimators', 808), ('learning_rate', 0.0011279509207223007), ('max_depth', 4), ('subsample', 0.5086507595190579), ('colsample_bytree', 0.7786168923605727), ('min_child_weight', 4)]"
39,39,0.950496460223617,"[('scaling_method', 'maxabs'), ('encoding_method', 'onehot'), ('drop', None), ('n_estimators', 724), ('learning_rate', 0.03254202800053366), ('max_depth', 4), ('subsample', 0.6911063731514901), ('colsample_bytree', 0.6933390038559677), ('min_child_weight', 5)]"
40,40,0.949516001327301,"[('scaling_method', 'minmax'), ('encoding_method', 'onehot'), ('drop', None), ('n_estimators', 860), ('learning_rate', 0.09990134427195203), ('max_depth', 3), ('subsample', 0.8700624805124362), ('colsample_bytree', 0.8235466234653347), ('min_child_weight', 3)]"
41,41,0.9504612082952739,"[('scaling_method', 'maxabs'), ('encoding_method', 'onehot'), ('drop', None), ('n_estimators', 926), ('learning_rate', 0.05561097521280433), ('max_depth', 3), ('subsample', 0.5880692155287922), ('colsample_bytree', 0.8338479425498839), ('min_child_weight', 4)]"
42,42,0.9456521926182724,"[('scaling_method', 'maxabs'), ('encoding_method', 'onehot'), ('drop', None), ('n_estimators', 951), ('learning_rate', 0.024226137448380376), ('max_depth', 3), ('subsample', 0.7118638505415197), ('colsample_bytree', 0.8189764728480871), ('min_child_weight', 3)]"
43,43,0.9505865112819073,"[('scaling_method', 'maxabs'), ('encoding_method', 'onehot'), ('drop', None), ('n_estimators', 858), ('learning_rate', 0.07097904793347891), ('max_depth', 3), ('subsample', 0.6391086496221708), ('colsample_bytree', 0.728422764631791), ('min_child_weight', 5)]"
44,44,0.9470415606392787,"[('scaling_method', 'maxabs'), ('encoding_method', 'onehot'), ('drop', None), ('n_estimators', 903), ('learning_rate', 0.035696321852534234), ('max_depth', 2), ('subsample', 0.46853980048238597), ('colsample_bytree', 0.76123480622883), ('min_child_weight', 4)]"
45,45,0.9516535329567706,"[('scaling_method', 'robust'), ('encoding_method', 'onehot'), ('drop', None), ('n_estimators', 795), ('learning_rate', 0.0503520426057475), ('max_depth', 3), ('subsample', 0.37832687329520737), ('colsample_bytree', 0.6378504853482421), ('min_child_weight', 3)]"
46,46,0.9494573476064939,"[('scaling_method', 'robust'), ('encoding_method', 'onehot'), ('drop', None), ('n_estimators', 668), ('learning_rate', 0.08628813390379311), ('max_depth', 3), ('subsample', 0.375524437857322), ('colsample_bytree', 0.6141252565227772), ('min_child_weight', 3)]"
47,47,0.9516531012497336,"[('scaling_method', 'robust'), ('encoding_method', 'onehot'), ('drop', None), ('n_estimators', 788), ('learning_rate', 0.044411494752459035), ('max_depth', 3), ('subsample', 0.5190859640492721), ('colsample_bytree', 0.5466868621678507), ('min_child_weight', 3)]"
48,48,0.9516650855676149,"[('scaling_method', 'robust'), ('encoding_method', 'onehot'), ('drop', None), ('n_estimators', 791), ('learning_rate', 0.04168384406581613), ('max_depth', 3), ('subsample', 0.5228843184922057), ('colsample_bytree', 0.5497002714361975), ('min_child_weight', 3)]"
49,49,0.9386793755444559,"[('scaling_method', 'robust'), ('encoding_method', 'onehot'), ('drop', None), ('n_estimators', 591), ('learning_rate', 0.01989178145205569), ('max_depth', 3), ('subsample', 0.7708239966474739), ('colsample_bytree', 0.5946542841980951), ('min_child_weight', 3)]"
50,50,0.9470605576083327,"[('scaling_method', 'robust'), ('encoding_method', 'onehot'), ('drop', 'first'), ('n_estimators', 702), ('learning_rate', 0.03824456222700887), ('max_depth', 2), ('subsample', 0.43153940124232526), ('colsample_bytree', 0.6363526819203236), ('min_child_weight', 3)]"
51,51,0.9527004893588901,"[('scaling_method', 'robust'), ('encoding_method', 'onehot'), ('drop', None), ('n_estimators', 798), ('learning_rate', 0.04307859360335303), ('max_depth', 3), ('subsample', 0.527011391044376), ('colsample_bytree', 0.5481543934814294), ('min_child_weight', 3)]"
52,52,-3.563599457999903,"[('scaling_method', 'robust'), ('encoding_method', 'onehot'), ('drop', None), ('n_estimators', 746), ('learning_rate', 0.002864069717409876), ('max_depth', 3), ('subsample', 0.5258569256780385), ('colsample_bytree', 0.5510643002034067), ('min_child_weight', 3)]"
53,53,0.9531153924959778,"[('scaling_method', 'robust'), ('encoding_method', 'onehot'), ('drop', None), ('n_estimators', 834), ('learning_rate', 0.048152739155978536), ('max_depth', 3), ('subsample', 0.47044301404357414), ('colsample_bytree', 0.5537554911050786), ('min_child_weight', 3)]"
54,54,0.9515043726769775,"[('scaling_method', 'robust'), ('encoding_method', 'onehot'), ('drop', 'first'), ('n_estimators', 828), ('learning_rate', 0.04184066313005957), ('max_depth', 3), ('subsample', 0.46846028962030667), ('colsample_bytree', 0.5500758829638158), ('min_child_weight', 3)]"
55,55,0.9466935093830096,"[('scaling_method', 'robust'), ('encoding_method', 'onehot'), ('drop', 'first'), ('n_estimators', 956), ('learning_rate', 0.06147350988663415), ('max_depth', 3), ('subsample', 0.9991356923799777), ('colsample_bytree', 0.5709417314658802), ('min_child_weight', 3)]"
56,56,0.9415615309389234,"[('scaling_method', 'robust'), ('encoding_method', 'onehot'), ('drop', None), ('n_estimators', 349), ('learning_rate', 0.03490071401423333), ('max_depth', 3), ('subsample', 0.6005140099234146), ('colsample_bytree', 0.5274423520010464), ('min_child_weight', 3)]"
57,57,0.9503425822119205,"[('scaling_method', 'robust'), ('encoding_method', 'onehot'), ('drop', None), ('n_estimators', 896), ('learning_rate', 0.08516010423396246), ('max_depth', 3), ('subsample', 0.5434785718909563), ('colsample_bytree', 0.5998384876796109), ('min_child_weight', 3)]"
58,58,0.9473216978843185,"[('scaling_method', 'minmax'), ('encoding_method', 'onehot'), ('drop', None), ('n_estimators', 836), ('learning_rate', 0.027400359885257224), ('max_depth', 3), ('subsample', 0.6683576122933117), ('colsample_bytree', 0.5726964698701704), ('min_child_weight', 4)]"
59,59,0.9511049009495531,"[('scaling_method', 'robust'), ('encoding_method', 'onehot'), ('drop', 'first'), ('n_estimators', 963), ('learning_rate', 0.046332008935923735), ('max_depth', 3), ('subsample', 0.4031455793483353), ('colsample_bytree', 0.9272646953553536), ('min_child_weight', 3)]"
60,60,0.9491501200472456,"[('scaling_method', 'robust'), ('encoding_method', 'onehot'), ('drop', None), ('n_estimators', 474), ('learning_rate', 0.06425768458377665), ('max_depth', 3), ('subsample', 0.49779114159020466), ('colsample_bytree', 0.532265436294416), ('min_child_weight', 3)]"
61,61,0.9506287968782615,"[('scaling_method', 'robust'), ('encoding_method', 'onehot'), ('drop', None), ('n_estimators', 792), ('learning_rate', 0.05149827133551093), ('max_depth', 3), ('subsample', 0.3641505763530994), ('colsample_bytree', 0.6411858100515488), ('min_child_weight', 3)]"
62,62,0.9520224169081148,"[('scaling_method', 'robust'), ('encoding_method', 'onehot'), ('drop', None), ('n_estimators', 675), ('learning_rate', 0.050628314572637445), ('max_depth', 3), ('subsample', 0.5620311653334396), ('colsample_bytree', 0.5735893026235851), ('min_child_weight', 3)]"
63,63,0.950969524964098,"[('scaling_method', 'robust'), ('encoding_method', 'onehot'), ('drop', None), ('n_estimators', 669), ('learning_rate', 0.0403781345653165), ('max_depth', 3), ('subsample', 0.5699086942714753), ('colsample_bytree', 0.5038958375880965), ('min_child_weight', 3)]"
64,64,0.9469448504476605,"[('scaling_method', 'robust'), ('encoding_method', 'onehot'), ('drop', None), ('n_estimators', 611), ('learning_rate', 0.03207797631990269), ('max_depth', 3), ('subsample', 0.5423500602023329), ('colsample_bytree', 0.5745350740065251), ('min_child_weight', 3)]"
65,65,0.949515432945836,"[('scaling_method', 'robust'), ('encoding_method', 'onehot'), ('drop', None), ('n_estimators', 916), ('learning_rate', 0.02279580081270167), ('max_depth', 3), ('subsample', 0.44954913139067276), ('colsample_bytree', 0.6065811878578645), ('min_child_weight', 3)]"
66,66,0.9486519799548536,"[('scaling_method', 'minmax'), ('encoding_method', 'onehot'), ('drop', None), ('n_estimators', 750), ('learning_rate', 0.05749914112945125), ('max_depth', 3), ('subsample', 0.6659404930609887), ('colsample_bytree', 0.5248917395186162), ('min_child_weight', 3)]"
67,67,0.9324216932527435,"[('scaling_method', 'robust'), ('encoding_method', 'onehot'), ('drop', None), ('n_estimators', 712), ('learning_rate', 0.011825570889447207), ('max_depth', 3), ('subsample', 0.602930892748621), ('colsample_bytree', 0.5564711601770198), ('min_child_weight', 4)]"
68,68,0.9473502263116153,"[('scaling_method', 'robust'), ('encoding_method', 'onehot'), ('drop', None), ('n_estimators', 872), ('learning_rate', 0.08334823977956193), ('max_depth', 3), ('subsample', 0.718218295202241), ('colsample_bytree', 0.618272101552865), ('min_child_weight', 3)]"
69,69,0.9523053459545707,"[('scaling_method', 'maxabs'), ('encoding_method', 'onehot'), ('drop', None), ('n_estimators', 969), ('learning_rate', 0.048976340044450346), ('max_depth', 3), ('subsample', 0.4852614126995951), ('colsample_bytree', 0.8757965848039398), ('min_child_weight', 2)]"
70,70,0.9509504751339862,"[('scaling_method', 'maxabs'), ('encoding_method', 'onehot'), ('drop', None), ('n_estimators', 972), ('learning_rate', 0.0502234621565219), ('max_depth', 3), ('subsample', 0.47754510915818615), ('colsample_bytree', 0.8725317502510659), ('min_child_weight', 2)]"
71,71,0.9494567813479449,"[('scaling_method', 'maxabs'), ('encoding_method', 'onehot'), ('drop', None), ('n_estimators', 765), ('learning_rate', 0.06158329403967783), ('max_depth', 3), ('subsample', 0.5312066974653593), ('colsample_bytree', 0.8963568451375964), ('min_child_weight', 2)]"
72,72,0.9488623869433171,"[('scaling_method', 'maxabs'), ('encoding_method', 'onehot'), ('drop', None), ('n_estimators', 543), ('learning_rate', 0.044305541583835595), ('max_depth', 3), ('subsample', 0.5753040928756561), ('colsample_bytree', 0.9124366512199733), ('min_child_weight', 3)]"
73,73,0.9518117943004913,"[('scaling_method', 'maxabs'), ('encoding_method', 'onehot'), ('drop', None), ('n_estimators', 930), ('learning_rate', 0.03606075466225292), ('max_depth', 3), ('subsample', 0.5019928441973883), ('colsample_bytree', 0.5834393524593884), ('min_child_weight', 2)]"
74,74,0.9510817662449114,"[('scaling_method', 'maxabs'), ('encoding_method', 'onehot'), ('drop', None), ('n_estimators', 914), ('learning_rate', 0.02674116701766363), ('max_depth', 3), ('subsample', 0.4430221001033879), ('colsample_bytree', 0.798660064837867), ('min_child_weight', 2)]"
75,75,0.9512151673541208,"[('scaling_method', 'maxabs'), ('encoding_method', 'onehot'), ('drop', None), ('n_estimators', 885), ('learning_rate', 0.06619298229366409), ('max_depth', 3), ('subsample', 0.612923998332811), ('colsample_bytree', 0.8557219109629579), ('min_child_weight', 2)]"
76,76,0.9506166369550527,"[('scaling_method', 'maxabs'), ('encoding_method', 'onehot'), ('drop', None), ('n_estimators', 981), ('learning_rate', 0.03584241789998523), ('max_depth', 3), ('subsample', 0.4987154546815717), ('colsample_bytree', 0.9362609416135849), ('min_child_weight', 1)]"
77,77,0.9504025324559209,"[('scaling_method', 'maxabs'), ('encoding_method', 'onehot'), ('drop', None), ('n_estimators', 934), ('learning_rate', 0.07904481009269025), ('max_depth', 3), ('subsample', 0.6901474088720125), ('colsample_bytree', 0.8850506269594041), ('min_child_weight', 2)]"
78,78,0.9516319094030669,"[('scaling_method', 'maxabs'), ('encoding_method', 'onehot'), ('drop', None), ('n_estimators', 837), ('learning_rate', 0.054788662485816285), ('max_depth', 3), ('subsample', 0.6390699804861768), ('colsample_bytree', 0.5786997045423148), ('min_child_weight', 5)]"
79,79,0.9499142097404076,"[('scaling_method', 'maxabs'), ('encoding_method', 'onehot'), ('drop', 'first'), ('n_estimators', 938), ('learning_rate', 0.09755801751073251), ('max_depth', 3), ('subsample', 0.7443288317719534), ('colsample_bytree', 0.9040805781358373), ('min_child_weight', 2)]"
80,80,0.9504500789304071,"[('scaling_method', 'maxabs'), ('encoding_method', 'onehot'), ('drop', None), ('n_estimators', 968), ('learning_rate', 0.029325153726742277), ('max_depth', 3), ('subsample', 0.5579525305926664), ('colsample_bytree', 0.8510932803980201), ('min_child_weight', 2)]"
81,81,0.9521239993905894,"[('scaling_method', 'maxabs'), ('encoding_method', 'onehot'), ('drop', None), ('n_estimators', 849), ('learning_rate', 0.04736533696425703), ('max_depth', 3), ('subsample', 0.5856952564778507), ('colsample_bytree', 0.5610951639950642), ('min_child_weight', 3)]"
82,82,0.9512559170246211,"[('scaling_method', 'maxabs'), ('encoding_method', 'onehot'), ('drop', None), ('n_estimators', 879), ('learning_rate', 0.04866999325335024), ('max_depth', 3), ('subsample', 0.5878891482041948), ('colsample_bytree', 0.5828885021780427), ('min_child_weight', 4)]"
83,83,0.9506892854365367,"[('scaling_method', 'maxabs'), ('encoding_method', 'onehot'), ('drop', None), ('n_estimators', 849), ('learning_rate', 0.06962292726142462), ('max_depth', 3), ('subsample', 0.41379024484997073), ('colsample_bytree', 0.6708421983234234), ('min_child_weight', 3)]"
84,84,0.9509869809822041,"[('scaling_method', 'maxabs'), ('encoding_method', 'onehot'), ('drop', None), ('n_estimators', 918), ('learning_rate', 0.03689621102573723), ('max_depth', 3), ('subsample', 0.6312391594884686), ('colsample_bytree', 0.5376982403018362), ('min_child_weight', 3)]"
85,85,0.8951248834986683,"[('scaling_method', 'maxabs'), ('encoding_method', 'onehot'), ('drop', None), ('n_estimators', 815), ('learning_rate', 0.007180684676692941), ('max_depth', 3), ('subsample', 0.4581967976418058), ('colsample_bytree', 0.5126352888787629), ('min_child_weight', 4)]"
86,86,0.9506608627389043,"[('scaling_method', 'standard'), ('encoding_method', 'ordinal'), ('n_estimators', 898), ('learning_rate', 0.05676633016710526), ('max_depth', 3), ('subsample', 0.49034837776684326), ('colsample_bytree', 0.5678181153551748), ('min_child_weight', 2)]"
87,87,0.9446919747304998,"[('scaling_method', 'maxabs'), ('encoding_method', 'onehot'), ('drop', None), ('n_estimators', 945), ('learning_rate', 0.01672136651934957), ('max_depth', 3), ('subsample', 0.6570714367357388), ('colsample_bytree', 0.8155331450291995), ('min_child_weight', 3)]"
88,88,0.9500894176372678,"[('scaling_method', 'minmax'), ('encoding_method', 'onehot'), ('drop', None), ('n_estimators', 850), ('learning_rate', 0.03303683847589845), ('max_depth', 3), ('subsample', 0.5555658184748294), ('colsample_bytree', 0.5878164231038149), ('min_child_weight', 3)]"
89,89,0.9388346905007051,"[('scaling_method', 'maxabs'), ('encoding_method', 'onehot'), ('drop', None), ('n_estimators', 223), ('learning_rate', 0.04673944080503689), ('max_depth', 3), ('subsample', 0.6151046023315249), ('colsample_bytree', 0.7784953269956438), ('min_child_weight', 3)]"
90,90,0.9502711675112329,"[('scaling_method', 'maxabs'), ('encoding_method', 'onehot'), ('drop', None), ('n_estimators', 821), ('learning_rate', 0.03969404029807368), ('max_depth', 3), ('subsample', 0.6904507637566775), ('colsample_bytree', 0.8336896587969665), ('min_child_weight', 4)]"
91,91,0.9524110668312276,"[('scaling_method', 'robust'), ('encoding_method', 'onehot'), ('drop', None), ('n_estimators', 802), ('learning_rate', 0.04210467095398814), ('max_depth', 3), ('subsample', 0.5282013176451278), ('colsample_bytree', 0.5568017301144005), ('min_child_weight', 3)]"
92,92,0.951853947688206,"[('scaling_method', 'robust'), ('encoding_method', 'onehot'), ('drop', None), ('n_estimators', 728), ('learning_rate', 0.05483915882023364), ('max_depth', 3), ('subsample', 0.5101924408720776), ('colsample_bytree', 0.5583407015304064), ('min_child_weight', 3)]"
93,93,0.951491309753776,"[('scaling_method', 'robust'), ('encoding_method', 'onehot'), ('drop', None), ('n_estimators', 734), ('learning_rate', 0.044237462588030046), ('max_depth', 3), ('subsample', 0.5147490243452535), ('colsample_bytree', 0.562195784648195), ('min_child_weight', 3)]"
94,94,0.9519687475955971,"[('scaling_method', 'robust'), ('encoding_method', 'onehot'), ('drop', None), ('n_estimators', 772), ('learning_rate', 0.051722155579478624), ('max_depth', 3), ('subsample', 0.4876160529892919), ('colsample_bytree', 0.5182506055678298), ('min_child_weight', 3)]"
95,95,0.9514525980467944,"[('scaling_method', 'robust'), ('encoding_method', 'onehot'), ('drop', None), ('n_estimators', 684), ('learning_rate', 0.052524896460442345), ('max_depth', 3), ('subsample', 0.42994693901932807), ('colsample_bytree', 0.5185228674851621), ('min_child_weight', 3)]"
96,96,0.9521650214988991,"[('scaling_method', 'robust'), ('encoding_method', 'onehot'), ('drop', None), ('n_estimators', 723), ('learning_rate', 0.0648389838438535), ('max_depth', 3), ('subsample', 0.5437598957117947), ('colsample_bytree', 0.5365931567381602), ('min_child_weight', 3)]"
97,97,0.9494148623411505,"[('scaling_method', 'robust'), ('encoding_method', 'ordinal'), ('n_estimators', 634), ('learning_rate', 0.0637677783859475), ('max_depth', 3), ('subsample', 0.5363370069233374), ('colsample_bytree', 0.5391302277168072), ('min_child_weight', 3)]"
98,98,0.9514364433290119,"[('scaling_method', 'robust'), ('encoding_method', 'onehot'), ('drop', 'first'), ('n_estimators', 804), ('learning_rate', 0.04777350060393839), ('max_depth', 3), ('subsample', 0.5880882175453839), ('colsample_bytree', 0.5028797659460701), ('min_child_weight', 3)]"
99,99,0.9521607208194725,"[('scaling_method', 'robust'), ('encoding_method', 'onehot'), ('drop', None), ('n_estimators', 754), ('learning_rate', 0.06011260048476693), ('max_depth', 3), ('subsample', 0.4655861244811468), ('colsample_bytree', 0.5419718284419525), ('min_child_weight', 3)]"
100,100,0.9496175093187615,"[('scaling_method', 'robust'), ('encoding_method', 'onehot'), ('drop', None), ('n_estimators', 691), ('learning_rate', 0.05965143684535952), ('max_depth', 3), ('subsample', 0.5684553916895273), ('colsample_bytree', 0.5397883122948477), ('min_child_weight', 3)]"
101,101,0.9491971628426458,"[('scaling_method', 'robust'), ('encoding_method', 'onehot'), ('drop', None), ('n_estimators', 762), ('learning_rate', 0.0704088324902314), ('max_depth', 3), ('subsample', 0.4820489550111348), ('colsample_bytree', 0.530397684734163), ('min_child_weight', 3)]"
102,102,0.9520919119906912,"[('scaling_method', 'robust'), ('encoding_method', 'onehot'), ('drop', None), ('n_estimators', 714), ('learning_rate', 0.04265787576928806), ('max_depth', 3), ('subsample', 0.459993773482946), ('colsample_bytree', 0.5196805450522843), ('min_child_weight', 3)]"
103,103,0.9524077716167794,"[('scaling_method', 'robust'), ('encoding_method', 'onehot'), ('drop', None), ('n_estimators', 711), ('learning_rate', 0.04207340897397283), ('max_depth', 3), ('subsample', 0.4632979962239676), ('colsample_bytree', 0.54531112761471), ('min_child_weight', 3)]"
104,104,0.9517895953685223,"[('scaling_method', 'robust'), ('encoding_method', 'onehot'), ('drop', None), ('n_estimators', 649), ('learning_rate', 0.04131123551778648), ('max_depth', 3), ('subsample', 0.45989146609947423), ('colsample_bytree', 0.5427246577330002), ('min_child_weight', 3)]"
105,105,0.9477149260419638,"[('scaling_method', 'robust'), ('encoding_method', 'onehot'), ('drop', None), ('n_estimators', 718), ('learning_rate', 0.03100767822300521), ('max_depth', 3), ('subsample', 0.4179360617932175), ('colsample_bytree', 0.9604768811972059), ('min_child_weight', 3)]"
106,106,0.9498301561222388,"[('scaling_method', 'robust'), ('encoding_method', 'onehot'), ('drop', None), ('n_estimators', 775), ('learning_rate', 0.02495911075521163), ('max_depth', 3), ('subsample', 0.35796698530841875), ('colsample_bytree', 0.5609463919106196), ('min_child_weight', 3)]"
107,107,0.9517364707566559,"[('scaling_method', 'robust'), ('encoding_method', 'onehot'), ('drop', None), ('n_estimators', 805), ('learning_rate', 0.0413038908511593), ('max_depth', 3), ('subsample', 0.4384671423993462), ('colsample_bytree', 0.5125522944035099), ('min_child_weight', 3)]"
108,108,0.9510510641459264,"[('scaling_method', 'robust'), ('encoding_method', 'onehot'), ('drop', None), ('n_estimators', 744), ('learning_rate', 0.07915662116535163), ('max_depth', 3), ('subsample', 0.40226281029286337), ('colsample_bytree', 0.5208625690816162), ('min_child_weight', 3)]"
109,109,0.9458249156996789,"[('scaling_method', 'standard'), ('encoding_method', 'onehot'), ('drop', None), ('n_estimators', 826), ('learning_rate', 0.02076935478490837), ('max_depth', 3), ('subsample', 0.4727980742483081), ('colsample_bytree', 0.5993086864206366), ('min_child_weight', 3)]"
110,110,0.9489035796406884,"[('scaling_method', 'robust'), ('encoding_method', 'ordinal'), ('n_estimators', 786), ('learning_rate', 0.06062186192887678), ('max_depth', 3), ('subsample', 0.5377177096993603), ('colsample_bytree', 0.5502549325233586), ('min_child_weight', 3)]"
111,111,0.9525864170826102,"[('scaling_method', 'robust'), ('encoding_method', 'onehot'), ('drop', None), ('n_estimators', 679), ('learning_rate', 0.04891137066364077), ('max_depth', 3), ('subsample', 0.5273879197060717), ('colsample_bytree', 0.5340240734847181), ('min_child_weight', 3)]"
112,112,0.9526733714975837,"[('scaling_method', 'robust'), ('encoding_method', 'onehot'), ('drop', None), ('n_estimators', 702), ('learning_rate', 0.04523768873166973), ('max_depth', 3), ('subsample', 0.5115862713822805), ('colsample_bytree', 0.5312583119328187), ('min_child_weight', 3)]"
113,113,0.9504169967952808,"[('scaling_method', 'robust'), ('encoding_method', 'onehot'), ('drop', None), ('n_estimators', 758), ('learning_rate', 0.037244747317645516), ('max_depth', 3), ('subsample', 0.5087590149212593), ('colsample_bytree', 0.5294018482816636), ('min_child_weight', 3)]"
114,114,0.951365270715901,"[('scaling_method', 'robust'), ('encoding_method', 'onehot'), ('drop', None), ('n_estimators', 705), ('learning_rate', 0.04611393780089925), ('max_depth', 3), ('subsample', 0.5249272842735088), ('colsample_bytree', 0.5002201928794499), ('min_child_weight', 3)]"
115,115,0.9456955897032774,"[('scaling_method', 'robust'), ('encoding_method', 'onehot'), ('drop', None), ('n_estimators', 622), ('learning_rate', 0.032886369950462284), ('max_depth', 3), ('subsample', 0.5424378122448235), ('colsample_bytree', 0.866218352686321), ('min_child_weight', 3)]"
116,116,0.9508539034515644,"[('scaling_method', 'minmax'), ('encoding_method', 'onehot'), ('drop', 'first'), ('n_estimators', 571), ('learning_rate', 0.0650880201327862), ('max_depth', 3), ('subsample', 0.5943243720960678), ('colsample_bytree', 0.9231641549652775), ('min_child_weight', 3)]"
117,117,0.9528511805587703,"[('scaling_method', 'robust'), ('encoding_method', 'onehot'), ('drop', None), ('n_estimators', 737), ('learning_rate', 0.056132202020295875), ('max_depth', 3), ('subsample', 0.58082371295993), ('colsample_bytree', 0.564317092783244), ('min_child_weight', 3)]"
118,118,0.950169297186151,"[('scaling_method', 'robust'), ('encoding_method', 'onehot'), ('drop', None), ('n_estimators', 658), ('learning_rate', 0.056438055720722344), ('max_depth', 3), ('subsample', 0.4899508032369071), ('colsample_bytree', 0.5607733677938262), ('min_child_weight', 3)]"
119,119,0.9492661539503291,"[('scaling_method', 'robust'), ('encoding_method', 'onehot'), ('drop', None), ('n_estimators', 681), ('learning_rate', 0.08973642169696622), ('max_depth', 3), ('subsample', 0.574294424977877), ('colsample_bytree', 0.5439716352314813), ('min_child_weight', 3)]"
120,120,-1.9892735107572996,"[('scaling_method', 'robust'), ('encoding_method', 'onehot'), ('drop', None), ('n_estimators', 735), ('learning_rate', 0.003505260268786572), ('max_depth', 3), ('subsample', 0.5482834678188416), ('colsample_bytree', 0.5646537270444772), ('min_child_weight', 3)]"
121,121,0.9518241323625473,"[('scaling_method', 'robust'), ('encoding_method', 'onehot'), ('drop', None), ('n_estimators', 696), ('learning_rate', 0.04956971462021268), ('max_depth', 3), ('subsample', 0.602648058771633), ('colsample_bytree', 0.5360136565401725), ('min_child_weight', 3)]"
122,122,-5.63450494227399,"[('scaling_method', 'robust'), ('encoding_method', 'onehot'), ('drop', None), ('n_estimators', 780), ('learning_rate', 0.0019447446526282995), ('max_depth', 3), ('subsample', 0.6496849479558762), ('colsample_bytree', 0.5517539150854273), ('min_child_weight', 3)]"
123,123,0.9481444227716584,"[('scaling_method', 'robust'), ('encoding_method', 'onehot'), ('drop', None), ('n_estimators', 755), ('learning_rate', 0.0683568066796968), ('max_depth', 3), ('subsample', 0.6187040017746238), ('colsample_bytree', 0.5895959136708266), ('min_child_weight', 3)]"
124,124,0.9521955583874506,"[('scaling_method', 'robust'), ('encoding_method', 'onehot'), ('drop', None), ('n_estimators', 868), ('learning_rate', 0.054420475166562135), ('max_depth', 3), ('subsample', 0.5259541195902329), ('colsample_bytree', 0.5296136389860914), ('min_child_weight', 3)]"
125,125,0.9508689229011548,"[('scaling_method', 'robust'), ('encoding_method', 'onehot'), ('drop', None), ('n_estimators', 848), ('learning_rate', 0.038738333468383374), ('max_depth', 3), ('subsample', 0.5217749687714149), ('colsample_bytree', 0.5270133120532597), ('min_child_weight', 3)]"
126,126,0.9508805701034684,"[('scaling_method', 'robust'), ('encoding_method', 'onehot'), ('drop', None), ('n_estimators', 871), ('learning_rate', 0.04472460072962661), ('max_depth', 3), ('subsample', 0.38536214692286963), ('colsample_bytree', 0.5531078297001204), ('min_child_weight', 3)]"
127,127,0.9490232246802748,"[('scaling_method', 'robust'), ('encoding_method', 'onehot'), ('drop', None), ('n_estimators', 486), ('learning_rate', 0.058442061872102394), ('max_depth', 3), ('subsample', 0.4751689138380436), ('colsample_bytree', 0.5745463029118599), ('min_child_weight', 3)]"
128,128,0.9507311986615139,"[('scaling_method', 'robust'), ('encoding_method', 'onehot'), ('drop', None), ('n_estimators', 799), ('learning_rate', 0.052903219353224146), ('max_depth', 3), ('subsample', 0.4500492452335821), ('colsample_bytree', 0.5098698688105051), ('min_child_weight', 3)]"
129,129,0.9523252856260512,"[('scaling_method', 'robust'), ('encoding_method', 'onehot'), ('drop', None), ('n_estimators', 824), ('learning_rate', 0.0481503441437999), ('max_depth', 3), ('subsample', 0.5079471561797105), ('colsample_bytree', 0.6223026235645943), ('min_child_weight', 3)]"
130,130,0.9516226228972965,"[('scaling_method', 'robust'), ('encoding_method', 'onehot'), ('drop', None), ('n_estimators', 732), ('learning_rate', 0.034828716834616365), ('max_depth', 3), ('subsample', 0.5005326165027717), ('colsample_bytree', 0.5341379645975699), ('min_child_weight', 3)]"
131,131,0.9514307088062091,"[('scaling_method', 'robust'), ('encoding_method', 'onehot'), ('drop', None), ('n_estimators', 831), ('learning_rate', 0.047959536140039075), ('max_depth', 3), ('subsample', 0.5517485219594137), ('colsample_bytree', 0.5452087580395065), ('min_child_weight', 3)]"
132,132,0.9496836599304108,"[('scaling_method', 'robust'), ('encoding_method', 'onehot'), ('drop', None), ('n_estimators', 816), ('learning_rate', 0.07456350254246326), ('max_depth', 3), ('subsample', 0.5312248683326793), ('colsample_bytree', 0.5686559267007982), ('min_child_weight', 1)]"
133,133,0.9512874748838543,"[('scaling_method', 'robust'), ('encoding_method', 'onehot'), ('drop', None), ('n_estimators', 787), ('learning_rate', 0.06188980481198439), ('max_depth', 3), ('subsample', 0.5059497536870031), ('colsample_bytree', 0.6141766106954061), ('min_child_weight', 3)]"
134,134,0.9517964567178895,"[('scaling_method', 'robust'), ('encoding_method', 'onehot'), ('drop', None), ('n_estimators', 991), ('learning_rate', 0.04324599106848508), ('max_depth', 3), ('subsample', 0.5731565169413695), ('colsample_bytree', 0.6890230817787785), ('min_child_weight', 3)]"
135,135,0.9519152795783148,"[('scaling_method', 'standard'), ('encoding_method', 'onehot'), ('drop', None), ('n_estimators', 753), ('learning_rate', 0.05422494857758157), ('max_depth', 3), ('subsample', 0.47638495714662543), ('colsample_bytree', 0.5559378145486765), ('min_child_weight', 3)]"
136,136,0.9517808136141305,"[('scaling_method', 'robust'), ('encoding_method', 'onehot'), ('drop', None), ('n_estimators', 886), ('learning_rate', 0.04688458700328162), ('max_depth', 3), ('subsample', 0.5247969778603194), ('colsample_bytree', 0.6240441155856111), ('min_child_weight', 3)]"
137,137,0.9491596542409928,"[('scaling_method', 'robust'), ('encoding_method', 'ordinal'), ('n_estimators', 715), ('learning_rate', 0.039955142291171114), ('max_depth', 3), ('subsample', 0.43640010082446495), ('colsample_bytree', 0.5800184130685266), ('min_child_weight', 3)]"
138,138,0.9518285642721188,"[('scaling_method', 'robust'), ('encoding_method', 'onehot'), ('drop', 'first'), ('n_estimators', 847), ('learning_rate', 0.06575677320195648), ('max_depth', 3), ('subsample', 0.491066420475752), ('colsample_bytree', 0.5378204565383894), ('min_child_weight', 3)]"
139,139,0.951491396995894,"[('scaling_method', 'minmax'), ('encoding_method', 'onehot'), ('drop', None), ('n_estimators', 774), ('learning_rate', 0.05727614421854983), ('max_depth', 3), ('subsample', 0.5852285352569), ('colsample_bytree', 0.7463213215654034), ('min_child_weight', 3)]"
140,140,0.9518508960278128,"[('scaling_method', 'robust'), ('encoding_method', 'onehot'), ('drop', None), ('n_estimators', 808), ('learning_rate', 0.04988880548136534), ('max_depth', 3), ('subsample', 0.5514143387252775), ('colsample_bytree', 0.5251004468368374), ('min_child_weight', 3)]"
141,141,0.9531316379429852,"[('scaling_method', 'maxabs'), ('encoding_method', 'onehot'), ('drop', None), ('n_estimators', 866), ('learning_rate', 0.05270128773129552), ('max_depth', 3), ('subsample', 0.4620426991937982), ('colsample_bytree', 0.9340226209548163), ('min_child_weight', 3)]"
142,142,0.9512856143178355,"[('scaling_method', 'robust'), ('encoding_method', 'onehot'), ('drop', None), ('n_estimators', 830), ('learning_rate', 0.04341803304681485), ('max_depth', 3), ('subsample', 0.45719363786615913), ('colsample_bytree', 0.7187076171263331), ('min_child_weight', 3)]"
143,143,0.952171508740453,"[('scaling_method', 'maxabs'), ('encoding_method', 'onehot'), ('drop', None), ('n_estimators', 867), ('learning_rate', 0.05437713892126994), ('max_depth', 3), ('subsample', 0.5019202806172095), ('colsample_bytree', 0.5431178514237903), ('min_child_weight', 3)]"
144,144,0.9520626687059268,"[('scaling_method', 'robust'), ('encoding_method', 'onehot'), ('drop', None), ('n_estimators', 906), ('learning_rate', 0.054042630656456134), ('max_depth', 3), ('subsample', 0.5080367086042124), ('colsample_bytree', 0.51198265029545), ('min_child_weight', 3)]"
145,145,0.951155339801663,"[('scaling_method', 'maxabs'), ('encoding_method', 'onehot'), ('drop', None), ('n_estimators', 876), ('learning_rate', 0.07025596013174865), ('max_depth', 3), ('subsample', 0.4165870681298944), ('colsample_bytree', 0.9732541458551094), ('min_child_weight', 3)]"
146,146,0.9497400716978402,"[('scaling_method', 'robust'), ('encoding_method', 'onehot'), ('drop', None), ('n_estimators', 662), ('learning_rate', 0.05917992441035614), ('max_depth', 3), ('subsample', 0.46767015920478594), ('colsample_bytree', 0.9846029594721343), ('min_child_weight', 3)]"
147,147,-6.65965427605023,"[('scaling_method', 'robust'), ('encoding_method', 'onehot'), ('drop', None), ('n_estimators', 446), ('learning_rate', 0.0010712486347591998), ('max_depth', 3), ('subsample', 0.4825862334384864), ('colsample_bytree', 0.5434846057210297), ('min_child_weight', 3)]"
148,148,0.9497123270021751,"[('scaling_method', 'maxabs'), ('encoding_method', 'onehot'), ('drop', None), ('n_estimators', 861), ('learning_rate', 0.06340760304462704), ('max_depth', 3), ('subsample', 0.5205990977115085), ('colsample_bytree', 0.5276903068424463), ('min_child_weight', 3)]"
149,149,0.9518358819781145,"[('scaling_method', 'robust'), ('encoding_method', 'onehot'), ('drop', None), ('n_estimators', 695), ('learning_rate', 0.038521967462703914), ('max_depth', 3), ('subsample', 0.5034436831213892), ('colsample_bytree', 0.5462568144743472), ('min_child_weight', 3)]"
150,150,0.9489845181123713,"[('scaling_method', 'standard'), ('encoding_method', 'onehot'), ('drop', None), ('n_estimators', 743), ('learning_rate', 0.08107787167353209), ('max_depth', 3), ('subsample', 0.4565734868693377), ('colsample_bytree', 0.8440767726801103), ('min_child_weight', 3)]"
151,151,0.9519921357656331,"[('scaling_method', 'maxabs'), ('encoding_method', 'onehot'), ('drop', None), ('n_estimators', 842), ('learning_rate', 0.04861121925706736), ('max_depth', 3), ('subsample', 0.490991714756171), ('colsample_bytree', 0.56269957223263), ('min_child_weight', 3)]"
152,152,0.9514457200295429,"[('scaling_method', 'maxabs'), ('encoding_method', 'onehot'), ('drop', None), ('n_estimators', 819), ('learning_rate', 0.05301276282170907), ('max_depth', 3), ('subsample', 0.5407751117352547), ('colsample_bytree', 0.5537130655288774), ('min_child_weight', 3)]"
153,153,0.9520772364190746,"[('scaling_method', 'maxabs'), ('encoding_method', 'onehot'), ('drop', None), ('n_estimators', 861), ('learning_rate', 0.04503013413479328), ('max_depth', 3), ('subsample', 0.5582363650460842), ('colsample_bytree', 0.9343632270478865), ('min_child_weight', 3)]"
154,154,0.9526560579357902,"[('scaling_method', 'maxabs'), ('encoding_method', 'onehot'), ('drop', None), ('n_estimators', 795), ('learning_rate', 0.04172853987751522), ('max_depth', 3), ('subsample', 0.4419246349745536), ('colsample_bytree', 0.5336033189425923), ('min_child_weight', 3)]"
155,155,0.951049291667305,"[('scaling_method', 'maxabs'), ('encoding_method', 'onehot'), ('drop', None), ('n_estimators', 769), ('learning_rate', 0.04199143241945855), ('max_depth', 3), ('subsample', 0.4360888165921659), ('colsample_bytree', 0.5336565849374564), ('min_child_weight', 3)]"
156,156,0.9511061724355191,"[('scaling_method', 'maxabs'), ('encoding_method', 'onehot'), ('drop', None), ('n_estimators', 959), ('learning_rate', 0.03458731346887729), ('max_depth', 3), ('subsample', 0.4188466828143716), ('colsample_bytree', 0.5189508994741645), ('min_child_weight', 3)]"
157,157,0.9504154558780444,"[('scaling_method', 'robust'), ('encoding_method', 'onehot'), ('drop', None), ('n_estimators', 801), ('learning_rate', 0.03862609981112963), ('max_depth', 3), ('subsample', 0.3991799883336352), ('colsample_bytree', 0.5081151210020443), ('min_child_weight', 3)]"
158,158,0.947892774008894,"[('scaling_method', 'robust'), ('encoding_method', 'onehot'), ('drop', None), ('n_estimators', 709), ('learning_rate', 0.028635032997293294), ('max_depth', 3), ('subsample', 0.45137938527314664), ('colsample_bytree', 0.6626173210513152), ('min_child_weight', 3)]"
159,159,0.9523405319659641,"[('scaling_method', 'maxabs'), ('encoding_method', 'onehot'), ('drop', 'first'), ('n_estimators', 723), ('learning_rate', 0.05519248893991228), ('max_depth', 3), ('subsample', 0.469667415613962), ('colsample_bytree', 0.9474263467016206), ('min_child_weight', 3)]"
160,160,0.950586597257877,"[('scaling_method', 'maxabs'), ('encoding_method', 'onehot'), ('drop', 'first'), ('n_estimators', 677), ('learning_rate', 0.051234834023714364), ('max_depth', 3), ('subsample', 0.5167228615490773), ('colsample_bytree', 0.8749826053588998), ('min_child_weight', 3)]"
161,161,0.9503245060245316,"[('scaling_method', 'maxabs'), ('encoding_method', 'onehot'), ('drop', 'first'), ('n_estimators', 721), ('learning_rate', 0.06119859099043222), ('max_depth', 3), ('subsample', 0.48413250327703045), ('colsample_bytree', 0.9901451249573526), ('min_child_weight', 3)]"
162,162,0.9517884451811204,"[('scaling_method', 'maxabs'), ('encoding_method', 'onehot'), ('drop', 'first'), ('n_estimators', 758), ('learning_rate', 0.056134749136265226), ('max_depth', 3), ('subsample', 0.4631096850013901), ('colsample_bytree', 0.5337116167963731), ('min_child_weight', 3)]"
163,163,0.9522320177601195,"[('scaling_method', 'maxabs'), ('encoding_method', 'onehot'), ('drop', 'first'), ('n_estimators', 735), ('learning_rate', 0.046632456454932796), ('max_depth', 3), ('subsample', 0.4769736498003955), ('colsample_bytree', 0.9461559540230428), ('min_child_weight', 3)]"
164,164,0.9515023147157408,"[('scaling_method', 'maxabs'), ('encoding_method', 'onehot'), ('drop', 'first'), ('n_estimators', 788), ('learning_rate', 0.04608924288408567), ('max_depth', 3), ('subsample', 0.5322749379260144), ('colsample_bytree', 0.5239557169561608), ('min_child_weight', 3)]"
165,165,0.9533249928853152,"[('scaling_method', 'maxabs'), ('encoding_method', 'onehot'), ('drop', 'first'), ('n_estimators', 915), ('learning_rate', 0.0420641845240982), ('max_depth', 3), ('subsample', 0.5033762016646954), ('colsample_bytree', 0.5494580197873535), ('min_child_weight', 3)]"
166,166,0.9509068009076372,"[('scaling_method', 'maxabs'), ('encoding_method', 'ordinal'), ('n_estimators', 914), ('learning_rate', 0.04131633201233069), ('max_depth', 3), ('subsample', 0.4967258115430948), ('colsample_bytree', 0.9506423714253716), ('min_child_weight', 3)]"
167,167,0.9519780823195714,"[('scaling_method', 'maxabs'), ('encoding_method', 'onehot'), ('drop', 'first'), ('n_estimators', 940), ('learning_rate', 0.038045180014538514), ('max_depth', 3), ('subsample', 0.4373944836896966), ('colsample_bytree', 0.9650866033631255), ('min_child_weight', 3)]"
168,168,0.9501421333691105,"[('scaling_method', 'maxabs'), ('encoding_method', 'onehot'), ('drop', 'first'), ('n_estimators', 888), ('learning_rate', 0.031806087233169966), ('max_depth', 3), ('subsample', 0.4815662405800199), ('colsample_bytree', 0.9470886421187443), ('min_child_weight', 3)]"
169,169,0.9525385133493609,"[('scaling_method', 'maxabs'), ('encoding_method', 'onehot'), ('drop', 'first'), ('n_estimators', 919), ('learning_rate', 0.04932325605817507), ('max_depth', 3), ('subsample', 0.5114871509900724), ('colsample_bytree', 0.9059216426916253), ('min_child_weight', 3)]"
170,170,0.9515703128411378,"[('scaling_method', 'maxabs'), ('encoding_method', 'onehot'), ('drop', 'first'), ('n_estimators', 979), ('learning_rate', 0.04818169184553944), ('max_depth', 3), ('subsample', 0.5174364817583207), ('colsample_bytree', 0.9338596084786073), ('min_child_weight', 3)]"
171,171,0.9507877155258405,"[('scaling_method', 'maxabs'), ('encoding_method', 'onehot'), ('drop', 'first'), ('n_estimators', 928), ('learning_rate', 0.05160577279745499), ('max_depth', 3), ('subsample', 0.4941025676577416), ('colsample_bytree', 0.9110710272620719), ('min_child_weight', 3)]"
172,172,0.9513587657989822,"[('scaling_method', 'maxabs'), ('encoding_method', 'onehot'), ('drop', 'first'), ('n_estimators', 959), ('learning_rate', 0.042915353506745156), ('max_depth', 3), ('subsample', 0.5098386775048558), ('colsample_bytree', 0.896013621161733), ('min_child_weight', 3)]"
173,173,0.9513230469575946,"[('scaling_method', 'maxabs'), ('encoding_method', 'onehot'), ('drop', 'first'), ('n_estimators', 909), ('learning_rate', 0.044561340936769014), ('max_depth', 3), ('subsample', 0.4714585860384592), ('colsample_bytree', 0.9406072062884031), ('min_child_weight', 3)]"
174,174,0.9479610113862735,"[('scaling_method', 'maxabs'), ('encoding_method', 'onehot'), ('drop', 'first'), ('n_estimators', 872), ('learning_rate', 0.05449715037318534), ('max_depth', 3), ('subsample', 0.1751467046087154), ('colsample_bytree', 0.9260876193351916), ('min_child_weight', 3)]"
175,175,0.9495934629731999,"[('scaling_method', 'maxabs'), ('encoding_method', 'onehot'), ('drop', 'first'), ('n_estimators', 944), ('learning_rate', 0.03516312155180602), ('max_depth', 3), ('subsample', 0.44597442062514736), ('colsample_bytree', 0.9078742653009741), ('min_child_weight', 3)]"
176,176,0.9524011249729204,"[('scaling_method', 'maxabs'), ('encoding_method', 'onehot'), ('drop', 'first'), ('n_estimators', 835), ('learning_rate', 0.04962488729958882), ('max_depth', 3), ('subsample', 0.5306218840327849), ('colsample_bytree', 0.9517140315038085), ('min_child_weight', 3)]"
177,177,0.9530518772552077,"[('scaling_method', 'maxabs'), ('encoding_method', 'onehot'), ('drop', 'first'), ('n_estimators', 829), ('learning_rate', 0.04933494232825274), ('max_depth', 3), ('subsample', 0.5320682964121662), ('colsample_bytree', 0.9508717768407448), ('min_child_weight', 3)]"
178,178,0.9512135836517027,"[('scaling_method', 'maxabs'), ('encoding_method', 'onehot'), ('drop', 'first'), ('n_estimators', 834), ('learning_rate', 0.04121742718069537), ('max_depth', 3), ('subsample', 0.5662106821035318), ('colsample_bytree', 0.9568294407705829), ('min_child_weight', 3)]"
179,179,0.9511230464214473,"[('scaling_method', 'maxabs'), ('encoding_method', 'onehot'), ('drop', 'first'), ('n_estimators', 813), ('learning_rate', 0.04715210264651187), ('max_depth', 3), ('subsample', 0.536675930447484), ('colsample_bytree', 0.9673251701113643), ('min_child_weight', 3)]"
180,180,0.9509437646461024,"[('scaling_method', 'maxabs'), ('encoding_method', 'onehot'), ('drop', 'first'), ('n_estimators', 790), ('learning_rate', 0.03829263734931946), ('max_depth', 3), ('subsample', 0.46960494485926907), ('colsample_bytree', 0.9436645274942905), ('min_child_weight', 3)]"
181,181,0.9515241111621598,"[('scaling_method', 'maxabs'), ('encoding_method', 'onehot'), ('drop', 'first'), ('n_estimators', 890), ('learning_rate', 0.05022085494783155), ('max_depth', 3), ('subsample', 0.5220405978594755), ('colsample_bytree', 0.9542908691191324), ('min_child_weight', 3)]"
182,182,0.9500338524285767,"[('scaling_method', 'maxabs'), ('encoding_method', 'onehot'), ('drop', 'first'), ('n_estimators', 835), ('learning_rate', 0.04512335778245715), ('max_depth', 3), ('subsample', 0.531601528411806), ('colsample_bytree', 0.9252577740848777), ('min_child_weight', 3)]"
183,183,0.9520797875254308,"[('scaling_method', 'minmax'), ('encoding_method', 'onehot'), ('drop', 'first'), ('n_estimators', 820), ('learning_rate', 0.05012238559323166), ('max_depth', 3), ('subsample', 0.5083614101155587), ('colsample_bytree', 0.9758069309259216), ('min_child_weight', 3)]"
184,184,0.8968242815180769,"[('scaling_method', 'maxabs'), ('encoding_method', 'onehot'), ('drop', 'first'), ('n_estimators', 100), ('learning_rate', 0.05729833789185879), ('max_depth', 3), ('subsample', 0.5484844444141704), ('colsample_bytree', 0.9181749281071434), ('min_child_weight', 3)]"
185,185,0.9515850209997104,"[('scaling_method', 'maxabs'), ('encoding_method', 'onehot'), ('drop', 'first'), ('n_estimators', 851), ('learning_rate', 0.042623440727843576), ('max_depth', 3), ('subsample', 0.48899849110596627), ('colsample_bytree', 0.9506362207824416), ('min_child_weight', 3)]"
186,186,0.9300529906067823,"[('scaling_method', 'maxabs'), ('encoding_method', 'onehot'), ('drop', 'first'), ('n_estimators', 735), ('learning_rate', 0.01202383045705611), ('max_depth', 3), ('subsample', 0.9182201098753009), ('colsample_bytree', 0.9319331542645202), ('min_child_weight', 3)]"
187,187,0.9521917501274139,"[('scaling_method', 'maxabs'), ('encoding_method', 'onehot'), ('drop', 'first'), ('n_estimators', 899), ('learning_rate', 0.04823928101303098), ('max_depth', 3), ('subsample', 0.4280651667859142), ('colsample_bytree', 0.963102658745479), ('min_child_weight', 1)]"
188,188,0.7454459671605385,"[('scaling_method', 'maxabs'), ('encoding_method', 'onehot'), ('drop', 'first'), ('n_estimators', 925), ('learning_rate', 0.004912713767883921), ('max_depth', 3), ('subsample', 0.5573070329536469), ('colsample_bytree', 0.900749443125828), ('min_child_weight', 3)]"
189,189,0.9509267548069505,"[('scaling_method', 'maxabs'), ('encoding_method', 'onehot'), ('drop', 'first'), ('n_estimators', 804), ('learning_rate', 0.03682864554351865), ('max_depth', 3), ('subsample', 0.47762427683804304), ('colsample_bytree', 0.9353286789746752), ('min_child_weight', 3)]"
190,190,0.9523684453807333,"[('scaling_method', 'standard'), ('encoding_method', 'onehot'), ('drop', 'first'), ('n_estimators', 993), ('learning_rate', 0.053381609903916626), ('max_depth', 3), ('subsample', 0.5243245101931788), ('colsample_bytree', 0.8826948437217933), ('min_child_weight', 3)]"
191,191,0.9525824687433015,"[('scaling_method', 'standard'), ('encoding_method', 'onehot'), ('drop', 'first'), ('n_estimators', 990), ('learning_rate', 0.053289514999858206), ('max_depth', 3), ('subsample', 0.5224612572694859), ('colsample_bytree', 0.9187995386866803), ('min_child_weight', 3)]"
192,192,0.9540798603432907,"[('scaling_method', 'standard'), ('encoding_method', 'onehot'), ('drop', 'first'), ('n_estimators', 987), ('learning_rate', 0.04571203871971512), ('max_depth', 3), ('subsample', 0.5029585844426339), ('colsample_bytree', 0.8889268050013618), ('min_child_weight', 3)]"
193,193,0.9306704819107013,"[('scaling_method', 'standard'), ('encoding_method', 'onehot'), ('drop', 'first'), ('n_estimators', 1000), ('learning_rate', 0.008273172091030503), ('max_depth', 3), ('subsample', 0.5104639186783542), ('colsample_bytree', 0.8900711275354101), ('min_child_weight', 3)]"
194,194,0.9533602132222991,"[('scaling_method', 'standard'), ('encoding_method', 'onehot'), ('drop', 'first'), ('n_estimators', 954), ('learning_rate', 0.050396663048977025), ('max_depth', 3), ('subsample', 0.5395240267750261), ('colsample_bytree', 0.8682284067434558), ('min_child_weight', 3)]"
195,195,0.951854282232755,"[('scaling_method', 'standard'), ('encoding_method', 'onehot'), ('drop', 'first'), ('n_estimators', 981), ('learning_rate', 0.06000902301833092), ('max_depth', 3), ('subsample', 0.5756228536210479), ('colsample_bytree', 0.8834950350520847), ('min_child_weight', 3)]"
196,196,0.9520063522030368,"[('scaling_method', 'standard'), ('encoding_method', 'ordinal'), ('n_estimators', 970), ('learning_rate', 0.0512564879110385), ('max_depth', 3), ('subsample', 0.5325453973380234), ('colsample_bytree', 0.9084335394685096), ('min_child_weight', 3)]"
197,197,0.9513076252086003,"[('scaling_method', 'standard'), ('encoding_method', 'onehot'), ('drop', 'first'), ('n_estimators', 958), ('learning_rate', 0.04122534118292556), ('max_depth', 3), ('subsample', 0.5374824724301858), ('colsample_bytree', 0.861514903939569), ('min_child_weight', 3)]"
198,198,0.9520892581344198,"[('scaling_method', 'standard'), ('encoding_method', 'onehot'), ('drop', 'first'), ('n_estimators', 998), ('learning_rate', 0.045540108160620985), ('max_depth', 3), ('subsample', 0.5598844297848496), ('colsample_bytree', 0.8847013623068011), ('min_child_weight', 3)]"
199,199,0.9509218107386247,"[('scaling_method', 'standard'), ('encoding_method', 'onehot'), ('drop', 'first'), ('n_estimators', 953), ('learning_rate', 0.05419246899031349), ('max_depth', 3), ('subsample', 0.5124387014021597), ('colsample_bytree', 0.9188031735472537), ('min_child_weight', 3)]"
